paraphrase_name,count,mean,std,min,25%,50%,75%,max
Original,1493.0,7.361018084393838,3.3711847915037674,0.0,5.0,9.0,10.0,10.0
Bullet List,1489.0,7.341168569509738,2.8315957314234956,0.0,5.0,8.0,10.0,10.0
Curly Quotations,1493.0,7.156061620897522,3.272338945333142,0.0,5.0,9.0,10.0,10.0
Em Dash Break,1489.0,7.150436534586971,2.995998924220959,0.0,5.0,8.0,10.0,10.0
Spoiler Bars,1493.0,7.129939718687207,3.3239717205542965,0.0,5.0,9.0,10.0,10.0
Markdown Quote,1489.0,7.116185359301545,3.2190315210262814,0.0,5.0,8.0,10.0,10.0
Hashtags,1489.0,7.105439892545332,2.9982573272794535,0.0,5.0,8.0,10.0,10.0
Interrobang,1489.0,7.085963734049698,3.0892847940917454,0.0,5.0,8.0,10.0,10.0
All Caps,1489.0,7.081934184016118,3.025652425594198,0.0,5.0,8.0,10.0,10.0
Markdown Bold,1493.0,7.077695914266577,3.3688554704718836,0.0,5.0,9.0,10.0,10.0
American English,1490.0,7.057046979865772,3.0883727664148175,0.0,5.0,8.0,10.0,10.0
One Typo Punctuation,1489.0,7.056413700470114,3.095832835767537,0.0,5.0,8.0,10.0,10.0
Two Typos Punctuati…,1489.0,7.052384150436534,3.1149477070924747,0.0,5.0,8.0,10.0,10.0
Exam Prompt,1492.0,7.046916890080429,3.192537809400166,0.0,5.0,8.0,10.0,10.0
No Caps,1489.0,7.046339825386165,3.0861077192591972,0.0,5.0,8.0,10.0,10.0
Extra Punct,1489.0,7.038280725319006,3.0983886289281912,0.0,5.0,8.0,10.0,10.0
Html Comment,1489.0,7.018804566823372,3.1095017268581744,0.0,5.0,8.0,10.0,10.0
Emoticon,1493.0,6.987943737441393,3.4249697154562093,0.0,4.0,9.0,10.0,10.0
Coord To Subord,1489.0,6.974479516453996,3.208380137379445,0.0,5.0,8.0,10.0,10.0
Markdown Italic,1493.0,6.9638312123241795,3.432619007060212,0.0,4.0,9.0,10.0,10.0
Three Typos Punctua…,1489.0,6.9422431161853595,3.166634787756056,0.0,5.0,8.0,10.0,10.0
All Caps And Typo,1493.0,6.939048894842599,3.263398187089717,0.0,5.0,8.0,10.0,10.0
Casual Chat,1492.0,6.920911528150134,3.1493846141058324,0.0,5.0,8.0,10.0,10.0
Key Smash,1489.0,6.920080591000672,3.16816846006493,0.0,5.0,8.0,10.0,10.0
Html Tags,1493.0,6.916945746818486,3.457875697333181,0.0,4.0,8.0,10.0,10.0
With Additional Con…,1493.0,6.915606162089752,3.2026470260511175,0.0,4.0,8.0,10.0,10.0
Markdown Bold And I…,1493.0,6.906229068988614,3.4607016356171196,0.0,4.0,8.0,10.0,10.0
Missing Bracket,1489.0,6.8831430490261925,3.1886967382925295,0.0,5.0,8.0,10.0,10.0
Inline Ad,1489.0,6.878441907320349,3.09080734498836,0.0,5.0,8.0,10.0,10.0
Misplaced Commas,1489.0,6.878441907320349,3.209214512270795,0.0,5.0,8.0,10.0,10.0
Helpful Markdown St…,1493.0,6.876088412592097,3.423432534643515,0.0,4.0,8.0,10.0,10.0
Forum Quote,1492.0,6.869302949061662,3.318091990404334,0.0,4.0,8.0,10.0,10.0
Indirect Relay,1492.0,6.847855227882038,3.3955096335970816,0.0,4.0,8.0,10.0,10.0
Inline Url,1489.0,6.844190732034923,3.0863308863342778,0.0,5.0,8.0,10.0,10.0
With Helpful Explan…,1493.0,6.83456128600134,3.3584091405789662,0.0,4.0,8.0,10.0,10.0
Emoji,1493.0,6.8292029470864035,3.530738892310639,0.0,4.0,8.0,10.0,10.0
Deadpan,1493.0,6.822505023442733,3.43085313560315,0.0,4.0,8.0,10.0,10.0
Missing Quote,1489.0,6.821356615177971,3.2035011990870204,0.0,5.0,8.0,10.0,10.0
Curly Quotations An…,7465.0,6.8186202277294035,3.389908653494781,0.0,4.0,8.0,10.0,10.0
Pseudo Cleft,1489.0,6.815983881799865,3.368056336169423,0.0,4.0,8.0,10.0,10.0
Parenthetical Aside,1489.0,6.809267965077233,3.139009682851195,0.0,5.0,8.0,10.0,10.0
Random Linebreaks,1489.0,6.780389523169912,3.3678176636973185,0.0,4.0,8.0,10.0,10.0
Emoticon And Typo,1493.0,6.778298727394508,3.4559286665432842,0.0,4.0,8.0,10.0,10.0
Hypothetical If,1493.0,6.77762893503014,3.411085540110422,0.0,4.0,8.0,10.0,10.0
Might Be Wrong,1492.0,6.77680965147453,3.5866842953767515,0.0,4.0,9.0,10.0,10.0
With Personal Touch,1493.0,6.764902880107167,3.4026563616722196,0.0,4.0,8.0,10.0,10.0
Study Setup,1492.0,6.759383378016086,3.491161459815754,0.0,4.0,8.0,10.0,10.0
Code Fence,1493.0,6.751507032819826,3.410755059099725,0.0,4.0,8.0,10.0,10.0
Typo Extra Space,1489.0,6.724647414372062,3.281700794931596,0.0,4.0,8.0,10.0,10.0
No Punct,1489.0,6.7145735392881125,3.3438369880351595,0.0,4.0,8.0,10.0,10.0
Helpful Meaning Rei…,1493.0,6.706630944407234,3.573388419227866,0.0,4.0,8.0,10.0,10.0
Oxford Comma,1489.0,6.700470114170584,3.261910523407273,0.0,4.0,8.0,10.0,10.0
Topicalization,1489.0,6.690396239086636,3.3816663221545746,0.0,4.0,8.0,10.0,10.0
Output Markdown,1493.0,6.689886135298058,3.4869939580821963,0.0,4.0,8.0,10.0,10.0
Several Html Tags,1493.0,6.6778298727394505,3.5436795837780024,0.0,4.0,8.0,10.0,10.0
Qa Script,1492.0,6.670241286863271,3.475482655240721,0.0,4.0,8.0,10.0,10.0
British English,1490.0,6.6644295302013425,3.2440693178195885,0.0,4.0,8.0,10.0,10.0
With Similes,1493.0,6.656396517079705,3.4060279529674107,0.0,4.0,8.0,10.0,10.0
With Examples,1493.0,6.649698593436034,3.2658966109122716,0.0,4.0,8.0,10.0,10.0
Markdown Doc,1492.0,6.648793565683646,3.4273105047624663,0.0,4.0,8.0,10.0,10.0
Numbered List,1489.0,6.640026863666891,3.282924050577245,0.0,4.0,8.0,10.0,10.0
Missing Bracket And…,1489.0,6.640026863666891,3.259297536185579,0.0,4.0,8.0,10.0,10.0
All Caps And Typo A…,2986.0,6.6336235766912255,3.404459790228569,0.0,4.0,8.0,10.0,10.0
Modal May,1493.0,6.624246483590087,3.498199678426527,0.0,4.0,8.0,10.0,10.0
Typo Missing Space,1489.0,6.618535930154466,3.3151380151299943,0.0,4.0,8.0,10.0,10.0
Emoji And Typo,1493.0,6.610850636302746,3.543005061490209,0.0,4.0,8.0,10.0,10.0
Modal Must,1493.0,6.604152712659076,3.555482706222932,0.0,3.0,8.0,10.0,10.0
Sic Marker,1492.0,6.603887399463807,3.5797794008487713,0.0,4.0,8.0,10.0,10.0
No Contractions,1493.0,6.602813127930341,3.437830479835344,0.0,4.0,8.0,10.0,10.0
Email,1492.0,6.57171581769437,3.2382819143612367,0.0,4.0,7.0,10.0,10.0
Cleft It Is,1489.0,6.568166554734721,3.441067903475155,0.0,4.0,8.0,10.0,10.0
With Analogies,1493.0,6.561955793703952,3.3505550627631084,0.0,4.0,8.0,10.0,10.0
Emoticon And Typo A…,2986.0,6.5569323509711985,3.5740935293058707,0.0,3.0,8.0,10.0,10.0
Tech Support Ticket,1492.0,6.552949061662199,3.6044179821471793,0.0,3.0,8.0,10.0,10.0
Random Linebreaks A…,7465.0,6.54655056932351,3.563053113774889,0.0,3.0,8.0,10.0,10.0
Tweet,1492.0,6.538873994638069,3.558719400972275,0.0,4.0,8.0,10.0,10.0
Neutral,1493.0,6.5291359678499665,3.4691268173608165,0.0,4.0,8.0,10.0,10.0
Bulleted Outline,1493.0,6.527126590756866,3.1082083851201694,0.0,4.0,7.0,9.0,10.0
With Case Studies,1493.0,6.506363027461487,3.1379359124071895,0.0,4.0,7.0,9.0,10.0
Casual,1490.0,6.485906040268456,3.389848158126687,0.0,4.0,8.0,10.0,10.0
Emoji And Typo And …,2986.0,6.484259879437374,3.594046827897039,0.0,3.0,8.0,10.0,10.0
Contractions,1493.0,6.471533824514401,3.336977026486121,0.0,4.0,7.0,10.0,10.0
Modal Should,1493.0,6.470194239785666,3.6277826191328795,0.0,3.0,8.0,10.0,10.0
With Metaphors,1493.0,6.46483590087073,3.5109369414684215,0.0,3.0,8.0,10.0,10.0
Ambiguous Scope,1493.0,6.444072337575352,2.964103836758335,0.0,4.0,7.0,9.0,10.0
Typo Extra Letter,1489.0,6.442578912021491,3.4326606205887904,0.0,4.0,8.0,10.0,10.0
With Examples And E…,1493.0,6.438044206296048,3.1126653717582866,0.0,4.0,7.0,9.0,10.0
Singlish,1490.0,6.413422818791946,3.486453834231825,0.0,4.0,7.0,10.0,10.0
Urgent,1493.0,6.411922304085733,3.720430135178208,0.0,3.0,8.0,10.0,10.0
Friendly,1493.0,6.404554588077696,3.3561644524123224,0.0,4.0,7.0,9.0,10.0
Aave,1490.0,6.4,3.126137133605324,0.0,4.0,7.0,9.0,10.0
Second Person,1493.0,6.397186872069659,3.4184748987356905,0.0,3.0,8.0,9.0,10.0
Third Person,1493.0,6.395847287340924,3.4182382474908906,0.0,3.0,8.0,9.0,10.0
Statement,1493.0,6.389149363697254,3.4215552548108574,0.0,3.0,8.0,9.0,10.0
Confident,1493.0,6.38780977896852,3.4209238418328063,0.0,3.0,7.0,10.0,10.0
No Spaces,1489.0,6.383478844862323,3.479010950051808,0.0,3.0,8.0,10.0,10.0
Positive,1493.0,6.3804420629604826,3.6756853520303294,0.0,3.0,8.0,10.0,10.0
Exact Numbers,1490.0,6.373825503355705,3.6059032260505766,0.0,3.0,8.0,10.0,10.0
First Plural,1493.0,6.3730743469524445,3.3193717699109415,0.0,4.0,7.0,9.0,10.0
Authoritative,1493.0,6.354989953114535,3.3545870445071375,0.0,3.0,7.0,10.0,10.0
With Tldr Summary,1493.0,6.3523107836570665,3.4585524145447137,0.0,3.0,7.0,10.0,10.0
Typo Missing Letter,1489.0,6.35191403626595,3.4428511179779844,0.0,3.0,7.0,10.0,10.0
Lighthearted,1493.0,6.350971198928332,3.668949040096008,0.0,3.0,8.0,10.0,10.0
Typo Repeated Lette…,1489.0,6.3505708529214235,3.4566246602990485,0.0,3.0,7.0,10.0,10.0
Acronyms Spelled Out,1493.0,6.336905559276624,3.255181114921399,0.0,4.0,7.0,10.0,10.0
Fuzzy Numbers,1490.0,6.3355704697986575,3.4984612145597422,0.0,3.0,7.0,10.0,10.0
With Emotional Appe…,1493.0,6.334226389819156,3.4396580266262244,0.0,3.0,7.0,9.0,10.0
Nominalization,1489.0,6.328408327736736,3.528913629298524,0.0,3.0,8.0,10.0,10.0
Typo Swap And Punct…,1489.0,6.328408327736736,3.458510650435808,0.0,3.0,7.0,10.0,10.0
Formal Memo,1492.0,6.327077747989276,3.4513370943865636,0.0,3.0,7.0,10.0,10.0
Typo Adjacent,1489.0,6.321692411014103,3.451946362989993,0.0,3.0,7.0,9.0,10.0
Apologetic,1493.0,6.316141995981246,3.231544939028445,0.0,4.0,7.0,9.0,10.0
Short Paragraph,1493.0,6.314132618888145,3.478743552430973,0.0,3.0,7.0,10.0,10.0
Past Tense,1493.0,6.312123241795043,3.4693748779546025,0.0,3.0,7.0,9.0,10.0
With Summary,1493.0,6.31078365706631,3.5023734180884722,0.0,3.0,7.0,10.0,10.0
Australian English,1490.0,6.302013422818792,3.3112639194034776,0.0,4.0,7.0,9.0,10.0
Meta Question,1492.0,6.300938337801608,3.5106314230943734,0.0,3.0,7.0,10.0,10.0
Typo Wrong Letter,1489.0,6.289456010745467,3.5147772206593784,0.0,3.0,7.0,10.0,10.0
Warm,1493.0,6.288680509042197,3.446700514608333,0.0,3.0,7.0,9.0,10.0
Typo Transpose,1489.0,6.280725319006044,3.479457458389394,0.0,3.0,7.0,10.0,10.0
Direct Question,1493.0,6.275954454119223,3.396527437839107,0.0,3.0,7.0,9.0,10.0
Checklist,1489.0,6.274009402283411,3.2399767028263913,0.0,4.0,7.0,9.0,10.0
Wh Question,1493.0,6.257870060281313,3.4971953552922295,0.0,3.0,7.0,9.0,10.0
Memo,1492.0,6.257372654155496,3.5183879247085974,0.0,3.0,7.0,10.0,10.0
Polite Request,1493.0,6.256530475552578,3.41703162298931,0.0,3.0,7.0,9.0,10.0
Pun Based,1493.0,6.255860683188212,3.6335365621397337,0.0,3.0,8.0,10.0,10.0
Emergency Alert,1492.0,6.252680965147453,3.609524184681188,0.0,3.0,7.0,10.0,10.0
Inversion,1489.0,6.251846877098724,3.6108183310086885,0.0,3.0,8.0,10.0,10.0
Informal,1493.0,6.245144005358339,3.506244648845763,0.0,3.0,7.0,9.0,10.0
With Technical Deta…,1493.0,6.243804420629605,3.2623507526893762,0.0,4.0,7.0,9.0,10.0
Hopeful,1493.0,6.240455458807769,3.61155767696993,0.0,3.0,7.0,10.0,10.0
First Singular,1493.0,6.237776289350301,3.399119644076351,0.0,3.0,7.0,9.0,10.0
Typo Swap,1489.0,6.235728676964405,3.482122085260211,0.0,3.0,7.0,9.0,10.0
Impersonal One Shou…,1493.0,6.226389819156061,3.4417286558013807,0.0,3.0,7.0,9.0,10.0
Validator Pass,1493.0,6.220361687876758,3.601878140991536,0.0,3.0,7.0,10.0,10.0
With Statistics,1493.0,6.2150033489618215,3.3755134576143657,0.0,3.0,7.0,9.0,10.0
Spanglish,1490.0,6.21006711409396,3.561344683193527,0.0,3.0,7.0,10.0,10.0
Future Tense,1493.0,6.201607501674481,3.4629711226020725,0.0,3.0,7.0,9.0,10.0
Command,1493.0,6.195579370395177,3.3817530813737875,0.0,3.0,7.0,9.0,10.0
Suggestion,1493.0,6.195579370395177,3.4605097742990374,0.0,3.0,7.0,9.0,10.0
Greeting,1493.0,6.18821165438714,3.4181459201707436,0.0,3.0,7.0,9.0,10.0
Expert Consensus,1493.0,6.183523107836571,3.4656215343869303,0.0,3.0,7.0,9.0,10.0
With Counterargumen…,1493.0,6.1801741460147355,3.190398333219948,0.0,4.0,7.0,9.0,10.0
Timestamped Chat,1492.0,6.174262734584451,3.6227809359104604,0.0,3.0,7.0,10.0,10.0
Passive Voice,1493.0,6.172806430006698,3.5082644614595972,0.0,3.0,7.0,9.0,10.0
Legal Jargon,1490.0,6.167785234899329,3.5318804876766627,0.0,3.0,7.0,10.0,10.0
With Step By Step,1493.0,6.151373074346952,3.5058157049158822,0.0,3.0,7.0,10.0,10.0
Therapy Session,1492.0,6.14142091152815,3.7218120273661492,0.0,3.0,7.0,10.0,10.0
Journalist Interview,1492.0,6.129356568364611,3.679117405598179,0.0,3.0,7.0,10.0,10.0
With Rebuttals,1493.0,6.121902210314802,3.287580598480158,0.0,3.0,7.0,9.0,10.0
Typo Homophone,1489.0,6.118200134318334,3.5278459090933145,0.0,3.0,7.0,9.0,10.0
Very Formal,1490.0,6.114765100671141,3.6265729935424935,0.0,3.0,7.0,9.0,10.0
Garden Path,1493.0,6.107836570663094,3.6551808976006206,0.0,3.0,7.0,10.0,10.0
Apology,1493.0,6.102478231748158,3.424337358898596,0.0,3.0,7.0,9.0,10.0
Edit Typo,1492.0,6.099865951742627,3.4801458503389413,0.0,3.0,7.0,9.0,10.0
Step Rationale,1493.0,6.09979906229069,2.9894956782037867,0.0,4.0,6.0,9.0,10.0
Typo Random,1489.0,6.092008059100067,3.5128790401140546,0.0,3.0,7.0,9.0,10.0
Exclamation,1493.0,6.0897521768251845,3.459839797805408,0.0,3.0,7.0,9.0,10.0
Formal Business,1493.0,6.081044876088413,3.5618993609640714,0.0,3.0,7.0,9.0,10.0
With Detailed Instr…,1493.0,6.068988613529806,3.531730371754201,0.0,3.0,7.0,10.0,10.0
Ellipsis Style,1493.0,6.055592766242465,3.411499418796911,0.0,3.0,7.0,9.0,10.0
Self Deprecating,1493.0,6.043536503683858,3.7650653704115444,0.0,2.0,7.0,10.0,10.0
Nested Question,1493.0,6.032819825853985,3.5219906467279043,0.0,3.0,7.0,9.0,10.0
Child Directed,1493.0,6.016744809109176,3.5452438951342655,0.0,3.0,7.0,9.0,10.0
Pun,1493.0,5.973208305425318,3.75265128190418,0.0,2.0,7.0,10.0,10.0
Enthusiastic,1493.0,5.971868720696584,3.6514364654988274,0.0,3.0,7.0,9.0,10.0
Deferential,1493.0,5.9638312123241795,3.4660404282570045,0.0,3.0,7.0,9.0,10.0
Multi Paragraph,1493.0,5.960482250502344,3.4449586717190535,0.0,3.0,7.0,9.0,10.0
Indirect Question,1493.0,5.944407233757535,3.5616351826839434,0.0,3.0,7.0,9.0,10.0
Typo Swap And Trans…,1489.0,5.9422431161853595,3.586398374188467,0.0,3.0,7.0,9.0,10.0
Litotes,1493.0,5.936369725385131,3.7544392958488757,0.0,2.0,7.0,9.0,10.0
With Stream Of Cons…,1493.0,5.91828533154722,3.621135344975089,0.0,3.0,7.0,9.0,10.0
Footnotes,1493.0,5.916275954454119,3.39279856471642,0.0,3.0,6.0,9.0,10.0
Playful,1493.0,5.902880107166778,3.8732357927698584,0.0,2.0,7.0,10.0,10.0
Dynamic Quiz,1493.0,5.90020093770931,3.4905204774596013,0.0,3.0,6.0,9.0,10.0
Fashion Jargon,1490.0,5.881208053691275,3.6308851466211234,0.0,3.0,7.0,9.0,10.0
Malapropism,1493.0,5.864701942397857,3.8053044140896697,0.0,2.0,7.0,10.0,10.0
Tag Question,1493.0,5.860683188211654,3.623262466373815,0.0,2.0,7.0,9.0,10.0
Fact Check Inline,1493.0,5.856664434025452,3.2773213524522697,0.0,3.0,7.0,9.0,10.0
Chinese Simplified,1490.0,5.854362416107382,3.468886618923495,0.0,3.0,7.0,9.0,10.0
Scots,1490.0,5.846979865771812,3.660097527151138,0.0,2.0,7.0,9.0,10.0
Sms,1492.0,5.846514745308311,3.875999849516394,0.0,2.0,7.0,10.0,10.0
Musical Notation,1493.0,5.8452779638312125,3.672707397973512,0.0,2.0,7.0,9.0,10.0
With Citations,1493.0,5.808439383791025,3.1600740717983444,0.0,3.0,6.0,9.0,10.0
Legalease,1493.0,5.808439383791025,3.8143244251397013,0.0,2.0,7.0,9.0,10.0
Gaming Jargon,1490.0,5.806040268456376,3.7269953109811054,0.0,2.0,7.0,9.0,10.0
Role Expert Cot,1493.0,5.801071667782987,2.781825143602449,0.0,4.0,6.0,8.0,10.0
Silly,1493.0,5.793034159410583,3.8748041164065774,0.0,2.0,7.0,10.0,10.0
Culinary Jargon,1490.0,5.776510067114094,3.694929443790911,0.0,2.0,7.0,9.0,10.0
Roleplay Knight,1492.0,5.765415549597855,3.8319752741787974,0.0,2.0,7.0,10.0,10.0
Output Json,1493.0,5.764902880107167,3.539179494636164,0.0,2.0,6.0,9.0,10.0
Two Sentence,1493.0,5.763563295378432,3.590979337552214,0.0,2.0,6.0,9.0,10.0
Formal Academic,1493.0,5.760884125920964,3.5572336558259154,0.0,2.0,7.0,9.0,10.0
See Attached Diagram,1493.0,5.753516409912927,3.825210400812994,0.0,2.0,6.0,10.0,10.0
Rhetorical Question,1493.0,5.74146014735432,3.660180229751249,0.0,2.0,7.0,9.0,10.0
Yes No,1493.0,5.735432016075017,3.646815023632022,0.0,2.0,7.0,9.0,10.0
90Char Bullet,1493.0,5.73007367716008,3.6105872480898973,0.0,2.0,6.0,9.0,10.0
Sports Jargon,1490.0,5.718791946308725,3.7578816948435367,0.0,2.0,7.0,9.0,10.0
Output Python,1493.0,5.704621567314133,3.427019483605115,0.0,3.0,6.0,9.0,10.0
Rubric Scored,1493.0,5.697923643670462,3.2412765543749273,0.0,3.0,6.0,9.0,10.0
Summary Then Detail,1493.0,5.6965840589417285,3.2922396952417263,0.0,3.0,6.0,9.0,10.0
Spanish,1490.0,5.679194630872483,3.7587288187380565,0.0,2.0,7.0,9.0,10.0
Nested Parenthetica…,1493.0,5.665103817816477,3.57985800234627,0.0,3.0,6.0,9.0,10.0
Legalese,1490.0,5.6516778523489934,3.745085950227725,0.0,2.0,7.0,9.0,10.0
Technical,1493.0,5.6463496316142,3.7151664204758443,0.0,2.0,7.0,9.0,10.0
Archaic,1493.0,5.638312123241795,3.3592623889711484,0.0,3.0,6.0,9.0,10.0
Dual Audience,1493.0,5.635632953784327,3.1367176376124504,0.0,3.0,6.0,8.0,10.0
Empty Input,1493.0,5.624916275954454,3.8033033048270517,0.0,2.0,6.0,9.0,10.0
Witty,1493.0,5.622906898861353,3.8407209115845604,0.0,2.0,7.0,9.0,10.0
Random Caps,1489.0,5.617864338482203,3.5903811169452355,0.0,2.0,6.0,9.0,10.0
Table Layout,1489.0,5.601746138347885,3.5931194944838647,0.0,2.0,6.0,9.0,10.0
Bureaucratic,1493.0,5.601473543201608,3.6159347923309375,0.0,2.0,6.0,9.0,10.0
Colloquial,1493.0,5.601473543201608,3.5941825164094516,0.0,2.0,6.0,9.0,10.0
Hinglish,1490.0,5.5825503355704695,3.6603943011249136,0.0,2.0,6.0,9.0,10.0
Joke,1493.0,5.55793703951775,3.8399828290502307,0.0,2.0,6.0,9.0,10.0
React Tool Calls,1493.0,5.547890154052244,3.3335392327590823,0.0,3.0,6.0,9.0,10.0
Single Sentence,1493.0,5.539852645679839,3.6276860962035435,0.0,2.0,6.0,9.0,10.0
Finance Jargon,1490.0,5.531543624161074,3.679670015578704,0.0,2.0,6.0,9.0,10.0
Melancholy,1493.0,5.526456798392498,3.8394562419116878,0.0,1.0,7.0,9.0,10.0
Euphemistic,1490.0,5.492617449664429,3.6073593526229897,0.0,2.0,6.0,9.0,10.0
Recursive Self Refe…,1493.0,5.491627595445412,3.684176124515463,0.0,2.0,6.0,9.0,10.0
Advertisement,1492.0,5.477882037533512,3.564135958255895,0.0,2.0,6.0,9.0,10.0
Output Yaml,1493.0,5.464166108506363,3.5349018975740445,0.0,2.0,6.0,9.0,10.0
Gamer Slang,1490.0,5.461073825503355,3.710316538052352,0.0,2.0,6.0,9.0,10.0
Vulgar,1490.0,5.459060402684564,3.7570620929870118,0.0,2.0,6.0,9.0,10.0
Few Words,1493.0,5.425318151373074,3.6585976977332884,0.0,2.0,6.0,9.0,10.0
Rude,1493.0,5.4105827193569995,3.94272948768053,0.0,1.0,6.0,9.0,10.0
Profane,1493.0,5.407903549899531,3.83005144357047,0.0,1.0,6.0,9.0,10.0
Absurdist,1493.0,5.394507702612191,3.3908324366413285,0.0,3.0,6.0,9.0,10.0
Evidence Cited Md,1493.0,5.379772270596115,3.1178450662198953,0.0,3.0,6.0,8.0,10.0
Numbered Steps,1493.0,5.377762893503014,3.846671006704792,0.0,1.0,6.0,9.0,10.0
Output Html,1493.0,5.364367046215673,3.4027847300124763,0.0,2.0,6.0,9.0,10.0
Dogmatic,1493.0,5.3536503683858,3.7792002187268934,0.0,2.0,6.0,9.0,10.0
Paradox Statement,1493.0,5.350971198928332,3.773060559603484,0.0,2.0,6.0,9.0,10.0
Comparison Table,1493.0,5.30609511051574,3.2662374881122065,0.0,3.0,6.0,8.0,10.0
Risks And Benefits,1493.0,5.278633623576691,2.761047564702996,0.0,3.0,5.0,7.0,10.0
Dramatic,1493.0,5.265907568653717,3.896227182399182,0.0,1.0,6.0,9.0,10.0
Humorous,1493.0,5.2592096450100465,3.8146294753799803,0.0,1.0,6.0,9.0,10.0
Paradox,1493.0,5.251172136637642,3.888079883455925,0.0,1.0,6.0,9.0,10.0
Negated,1493.0,5.249162759544541,3.9890358660184613,0.0,1.0,6.0,9.0,10.0
Insulting,1493.0,5.236436704621568,3.8594212782134756,0.0,1.0,6.0,9.0,10.0
Redundant Waffle,1493.0,5.225050234427328,3.9899658932432303,0.0,1.0,6.0,9.0,10.0
Slang Heavy,1490.0,5.2194630872483225,3.7705546431933303,0.0,1.0,6.0,9.0,10.0
Error Message,1492.0,5.206434316353888,3.9180418320672605,0.0,1.0,5.0,9.0,10.0
Medical Jargon,1490.0,5.18255033557047,3.790549407995614,0.0,1.0,5.0,9.0,10.0
Choice Question,1493.0,5.173476222371065,3.9860740879116014,0.0,1.0,5.0,9.0,10.0
Debate Turns,1492.0,5.17225201072386,3.726455822018653,0.0,1.0,5.5,9.0,10.0
Sms Abbrev,1489.0,5.1464069845533915,3.7106432286429483,0.0,1.0,5.0,9.0,10.0
Self Consistency,1493.0,5.14266577361018,2.9776437090069887,0.0,3.0,5.0,7.0,10.0
Cynical,1493.0,5.111855324849297,3.587504393767584,0.0,2.0,5.0,9.0,10.0
Checklist Markdown,1493.0,5.093770931011386,3.1502661777043017,0.0,3.0,5.0,8.0,10.0
Marketing Speak,1490.0,5.085234899328859,3.876551676398576,0.0,1.0,5.0,9.0,10.0
Sardonic,1493.0,5.0663094440723375,3.889771022730518,0.0,1.0,6.0,9.0,10.0
Shakespeare,1493.0,5.055592766242465,3.8219755605257277,0.0,1.0,5.0,9.0,10.0
Plan Execute Reflect,1493.0,5.050904219691896,3.1097153046014565,0.0,3.0,5.0,8.0,10.0
With Research Paper,1493.0,4.989283322170127,3.8085754562744154,0.0,1.0,5.0,9.0,10.0
Contradictory Ask,1493.0,4.959812458137978,3.4847031433073403,0.0,2.0,4.0,9.0,10.0
Physics Jargon,1490.0,4.94765100671141,3.777021897125522,0.0,1.0,5.0,9.0,10.0
Minimalist,1493.0,4.930341594105827,3.8473516818279316,0.0,1.0,5.0,9.0,10.0
Salesy,1493.0,4.92967180174146,3.8884940208418164,0.0,1.0,5.0,9.0,10.0
Cockney,1490.0,4.921476510067114,3.7373303099027204,0.0,1.0,5.0,9.0,10.0
German,1490.0,4.909395973154362,3.908865133627888,0.0,0.0,5.0,9.0,10.0
Output Csv,1493.0,4.907568653717347,3.4721454294889167,0.0,2.0,5.0,8.0,10.0
French,1490.0,4.873154362416107,3.910089768489615,0.0,0.0,5.0,9.0,10.0
Jargon,1493.0,4.85264567983925,3.7877308324322008,0.0,1.0,5.0,9.0,10.0
Marketing,1493.0,4.823844608171467,3.89082504431066,0.0,0.0,5.0,9.0,10.0
Role Expert Cot Wit…,5972.0,4.799229738780978,2.5122802213062347,0.0,3.0,5.0,7.0,10.0
Skeptical,1493.0,4.794373744139317,3.9510979180912513,0.0,0.0,5.0,9.0,10.0
Chemical Smiles,1493.0,4.7521768251841925,3.515410865865221,0.0,2.0,4.0,8.0,10.0
Software Jargon,1490.0,4.696644295302013,3.820949219218599,0.0,1.0,5.0,9.0,10.0
Output Sql,1493.0,4.695244474212994,3.5281647550416024,0.0,1.0,4.0,8.0,10.0
Ironic,1493.0,4.661754855994642,3.9067709665277732,0.0,0.0,4.0,9.0,10.0
Surreal,1493.0,4.645010046885465,3.9526228544504036,0.0,0.0,4.0,9.0,10.0
Csv Line,1489.0,4.643384822028207,3.6547617102810057,0.0,1.0,5.0,8.0,10.0
Sarcastic,1493.0,4.537843268586738,3.9843117158944072,0.0,0.0,4.0,9.0,10.0
Json Format,1492.0,4.444369973190349,3.698421972821765,0.0,1.0,4.0,8.0,10.0
Socratic Dialogue,1493.0,4.421969189551239,3.2981999529053705,0.0,2.0,4.0,7.0,10.0
Sentence Fragment,1493.0,4.38780977896852,3.8490674802883302,0.0,0.0,4.0,8.0,10.0
Roman Numeral,1490.0,4.3436241610738255,3.8546514015522053,0.0,0.0,4.0,8.0,10.0
Rap Verse,1492.0,4.300938337801608,3.867167225717212,0.0,0.0,4.0,8.0,10.0
Scientific Notation,1490.0,4.273825503355705,3.7866435939509437,0.0,0.0,3.0,8.0,10.0
Leet Speak,1489.0,4.16655473472129,3.9216704275171548,0.0,0.0,3.0,8.0,10.0
Double Negative,1493.0,4.155391828533155,3.9431235403604132,0.0,0.0,3.0,8.0,10.0
News Headline,1492.0,4.128686327077748,3.954239608583839,0.0,0.0,3.0,8.0,10.0
Condensed Then Expa…,17916.0,4.075965617325296,2.799421921056481,0.0,2.0,4.0,6.0,10.0
Yaml Block,1492.0,4.047587131367292,3.6543866048712546,0.0,1.0,3.0,8.0,10.0
Typo Missing Vowels,1489.0,3.9610476830087307,3.721824326990393,0.0,0.0,3.0,8.0,10.0
Esperanto,1490.0,3.9604026845637583,3.736867648754021,0.0,0.0,3.0,8.0,10.0
Regex Pattern,1492.0,3.8438337801608577,3.828360867101942,0.0,0.0,2.0,8.0,10.0
Fewest Words,1493.0,3.7039517749497657,3.6352779490858445,0.0,0.0,3.0,7.0,10.0
Csv Row,1492.0,3.6052278820375334,3.397091036964906,0.0,0.0,3.0,6.0,10.0
Lyrical,1493.0,3.507032819825854,3.8402391984704614,0.0,0.0,2.0,7.0,10.0
Poetic,1493.0,3.245144005358339,3.798570820388364,0.0,0.0,1.0,7.0,10.0
Haiku,1492.0,3.2091152815013406,3.7395735698544357,0.0,0.0,1.0,6.0,10.0
Sql Snippet,1492.0,3.2071045576407506,3.729718658121338,0.0,0.0,1.0,6.0,10.0
Small Hex Blob,1493.0,2.3281982585398526,3.618835041814274,0.0,0.0,0.0,4.0,10.0
Klingon,1490.0,1.0389261744966443,2.5470379802271115,0.0,0.0,0.0,0.0,10.0
Emoji Only,1490.0,0.9939597315436242,2.3837576700817418,0.0,0.0,0.0,0.0,10.0
Base64,1489.0,0.9704499664204164,2.2415761961381273,0.0,0.0,0.0,0.0,10.0
Reversed Text,1489.0,0.6393552719946273,1.9415750210952634,0.0,0.0,0.0,0.0,10.0
Morse Code,1490.0,0.5671140939597316,1.8834025677227866,0.0,0.0,0.0,0.0,10.0
Rot13,1489.0,0.4600402955003358,1.626368819182657,0.0,0.0,0.0,0.0,10.0
